,batch
2215,1
2582,1
1662,1
3027,1
4343,1
2680,1
1765,1
1123,1
4054,1
3761,1
1535,1
2944,1
2987,1
4291,1
4342,1
4424,1
7941,1
4997,1
2748,1
2302,1
3932,1
5956,1
6131,1
7596,1
794,1
3163,1
7940,1
3181,1
763,1
3078,1
811,1
7259,1
6931,1
1618,1
6826,1
1042,1
5318,1
4794,1
487,1
1017,1
2815,1
2716,1
5363,1
2929,1
3362,1
5165,1
1075,1
6398,1
4981,1
6228,1
2921,1
4019,1
4331,1
6999,1
1322,1
7731,1
2252,1
6654,1
7244,1
866,1
5591,1
2465,1
465,1
2882,1
4961,1
7042,1
6240,1
5447,1
1502,1
3915,1
3262,1
263,1
3806,1
4084,1
7839,1
1811,1
1144,1
5827,1
2149,1
3929,1
6319,1
3290,1
682,1
2840,1
1002,1
6755,1
5129,1
4290,1
2173,1
483,1
3813,1
4414,1
518,1
6988,1
1345,1
696,1
1009,1
6317,1
6595,1
2770,1
1074,1
1339,1
2986,1
7709,1
6747,1
4421,1
3392,1
1483,1
4861,1
1934,1
1034,1
5484,1
2478,1
349,1
4393,1
4352,1
7557,1
1061,1
879,1
5602,1
2542,1
6423,1
6744,1
1850,1
5402,1
1677,1
1835,1
7111,1
4952,1
4704,1
5199,1
457,1
4647,1
6507,1
3182,1
5337,1
1945,1
6124,1
3263,1
6522,1
6521,1
6702,1
2988,1
7020,1
1550,1
2164,1
586,1
2405,1
6800,1
3428,1
2609,1
3656,1
3214,1
3534,1
3286,1
2080,1
6955,1
6487,1
647,1
222,1
6889,1
7678,1
23,1
1905,1
4078,1
1554,1
5723,1
5204,1
7700,1
5840,1
4945,1
1407,1
65,1
6340,1
1044,1
6688,1
7924,1
4743,1
2031,1
5824,1
5244,1
5036,1
554,1
7311,1
4394,1
5394,1
3535,1
1699,1
6726,1
1055,1
1406,1
3767,1
601,1
1383,1
3332,1
2118,1
4319,1
1912,1
3684,1
7582,1
4813,1
1740,1
5039,1
927,1
5138,1
3578,1
4442,1
7472,1
7128,1
239,1
2966,1
3542,1
6206,1
3210,1
101,1
318,1
4581,1
3187,1
533,1
737,1
1244,1
1142,1
4347,1
7287,1
6526,1
1328,1
7097,1
6613,1
1928,1
5004,1
496,1
7544,1
2771,1
472,1
5050,1
4076,1
3916,1
544,1
4176,1
1242,1
7330,1
5538,1
334,1
7132,1
1315,1
1919,1
2184,1
3861,1
7409,1
4645,1
132,1
3960,1
6351,1
2245,1
540,1
6146,1
2029,1
37,1
7636,1
7573,1
2018,1
2111,1
2402,1
748,1
7567,1
2456,1
7512,1
2344,1
95,1
6251,1
7864,1
5223,1
2114,1
2586,1
5198,1
3439,1
3554,1
453,1
6584,1
2812,1
2836,1
251,1
6635,1
1022,1
7647,1
1010,1
4649,1
6001,1
1672,1
625,1
7793,1
2110,1
1465,1
7529,1
4734,1
4266,1
3091,1
6972,1
1888,1
1608,1
1744,1
157,1
2439,1
2199,1
3094,1
6213,1
503,1
6186,1
315,1
710,1
3968,1
4174,1
3717,1
7082,1
856,1
3322,1
5002,1
2656,1
319,1
429,1
1018,1
1426,1
7942,1
3703,1
6543,1
2107,1
7145,1
6605,1
7530,1
7978,1
7944,1
1193,1
6357,1
4113,1
5740,1
1840,1
2534,1
1862,1
5836,1
7773,1
6699,1
3045,1
2628,1
4228,1
6060,1
4229,1
1281,1
7740,1
7288,1
5502,1
4220,1
4545,1
7698,1
743,1
5528,1
2233,1
4504,1
6246,1
6096,1
7770,1
5277,1
3615,1
4789,1
7496,1
2697,1
1701,1
996,1
4038,1
4657,1
7906,1
4717,1
4715,1
3482,1
6369,1
5893,1
5146,1
1084,1
2266,1
1922,1
7223,1
1046,1
1346,1
5922,1
1176,1
6282,1
7036,1
6083,1
5914,1
4838,1
1421,1
6075,1
4149,1
5775,1
908,1
2913,1
6851,1
1972,1
6527,1
7918,1
3733,1
393,1
683,1
230,1
7947,1
1430,1
676,1
6463,1
2138,1
6926,1
33,1
2807,1
957,1
7871,1
6342,1
1632,1
7417,1
4262,1
2223,1
3378,1
7159,1
61,1
4570,1
1807,1
1277,1
7534,1
3515,1
332,1
6072,1
2375,1
7171,1
1261,1
5607,1
5303,1
5627,1
736,1
6415,1
6088,1
2897,1
3244,1
5364,1
3288,1
6459,1
7284,1
6449,1
3299,1
2473,1
2306,1
1374,1
6171,1
7741,1
7893,1
2598,1
3429,1
2603,1
3877,1
7863,1
6575,1
7117,1
1078,1
3520,1
1163,1
6577,1
3832,1
5441,1
79,1
2585,1
6906,1
6816,1
4509,1
7165,1
5925,1
4595,1
1790,1
1786,1
1569,1
1737,1
2251,1
4888,1
1025,1
1954,1
3612,1
1562,1
5777,1
6289,1
7466,1
1330,1
6762,1
7878,1
5722,1
2020,1
149,1
5327,1
5155,1
7785,1
1732,1
970,1
2338,1
1263,1
169,1
4550,1
1515,2
2859,2
1479,2
1615,2
2574,2
5802,2
4905,2
2579,2
4248,2
3438,2
233,2
353,2
2229,2
4633,2
4513,2
2877,2
5810,2
2847,2
3274,2
3826,2
4920,2
1221,2
4689,2
509,2
997,2
5564,2
4511,2
7100,2
6925,2
4686,2
6790,2
7251,2
5306,2
538,2
7874,2
3870,2
5454,2
3946,2
7373,2
1839,2
1703,2
6872,2
4738,2
6674,2
7950,2
2653,2
4950,2
3422,2
2970,2
4184,2
6304,2
2022,2
7608,2
5769,2
1005,2
6076,2
1320,2
5761,2
5891,2
2755,2
7458,2
408,2
1197,2
7870,2
7710,2
7880,2
1323,2
1056,2
4669,2
3799,2
3012,2
1670,2
940,2
3305,2
7173,2
5491,2
2776,2
576,2
3418,2
1741,2
1669,2
5356,2
2922,2
5046,2
177,2
7220,2
1817,2
6620,2
1728,2
5923,2
5546,2
3934,2
328,2
2554,2
2124,2
5782,2
6385,2
7341,2
2892,2
6062,2
4417,2
3257,2
5664,2
4001,2
7162,2
1297,2
4532,2
4518,2
5190,2
6659,2
7789,2
7641,2
181,2
4296,2
4535,2
7442,2
1295,2
4960,2
5826,2
742,2
2208,2
6789,2
1183,2
7987,2
3396,2
3123,2
41,2
6425,2
4366,2
3910,2
6857,2
217,2
185,2
3139,2
5464,2
3567,2
6985,2
4438,2
712,2
1414,2
2802,2
87,2
5880,2
6562,2
7017,2
6606,2
1027,2
2550,2
2112,2
257,2
7792,2
3246,2
7686,2
4671,2
3782,2
706,2
2453,2
1656,2
4845,2
5867,2
3475,2
543,2
2351,2
2795,2
4695,2
5444,2
7039,2
2287,2
1053,2
5562,2
6053,2
381,2
56,2
69,2
3207,2
2751,2
1429,2
1545,2
1127,2
3320,2
6611,2
2487,2
7782,2
3007,2
445,2
7564,2
6511,2
4881,2
800,2
3558,2
3206,2
6664,2
7587,2
2345,2
7398,2
6474,2
19,2
7383,2
5333,2
6532,2
1511,2
828,2
7431,2
7153,2
4672,2
6536,2
476,2
5668,2
6573,2
2676,2
468,2
7416,2
308,2
7428,2
2925,2
1650,2
4085,2
5325,2
5428,2
1966,2
5845,2
5774,2
7282,2
6044,2
4626,2
80,2
2132,2
641,2
2894,2
2436,2
3889,2
3666,2
1509,2
7726,2
1168,2
4198,2
1405,2
4731,2
2221,2
2973,2
6022,2
4927,2
6683,2
5152,2
118,2
3145,2
3025,2
4668,2
5933,2
4620,2
4110,2
4935,2
4267,2
4526,2
3784,2
7828,2
7687,2
1729,2
2664,2
2098,2
2884,2
2991,2
6314,2
7598,2
2572,2
7757,2
1057,2
3805,2
5833,2
5634,2
6245,2
7899,2
5871,2
3312,2
2471,2
5080,2
4004,2
3985,2
7986,2
6400,2
7479,2
773,2
7992,2
6775,2
7248,2
3901,2
50,2
5499,2
733,2
245,2
5850,2
179,2
7032,2
17,2
2182,2
5930,2
3927,2
7808,2
6216,2
4270,2
7935,2
4608,2
2939,2
4336,2
3658,2
1373,2
1087,2
321,2
2127,2
4660,2
1487,2
4368,2
4871,2
5095,2
6825,2
965,2
7873,2
7135,2
6037,2
6071,2
1665,2
4519,2
1793,2
5038,2
5473,2
4031,2
4316,2
7730,2
6372,2
5649,2
2181,2
5786,2
7898,2
4796,2
4449,2
5821,2
5400,2
2522,2
5253,2
5137,2
4024,2
1172,2
6418,2
3458,2
6670,2
2937,2
435,2
3513,2
1489,2
3470,2
4928,2
5662,2
1557,2
994,2
858,2
2758,2
1533,2
4017,2
3347,2
3231,2
5103,2
6761,2
5494,2
7503,2
3437,2
486,2
3095,2
199,2
6275,2
2057,2
5635,2
7816,2
2458,2
982,2
7664,2
3434,2
7560,2
2592,2
5471,2
5162,2
4355,2
5081,2
6535,2
6428,2
2226,2
4080,2
4977,2
1501,2
711,2
354,2
2796,2
4059,2
48,2
3032,2
642,2
4126,2
6798,2
176,2
1871,2
2316,2
786,2
4793,2
3254,2
7488,2
1803,2
4196,2
4216,2
932,2
91,2
1302,2
2063,2
1400,2
5862,2
7681,2
5838,2
530,2
3571,2
6552,2
4953,2
1940,2
3199,2
5411,2
3992,2
106,2
5686,2
3592,2
2918,2
5753,2
3404,2
131,2
6141,2
1726,2
7299,2
3132,2
6270,2
4489,2
3126,2
6187,2
5185,2
7221,2
2418,2
1617,2
1412,2
5460,2
7463,2
7846,2
5231,2
2722,2
694,2
5962,2
2488,2
5508,2
1103,2
167,2
93,2
367,2
3352,2
6687,2
6465,2
7354,2
835,2
5542,2
6165,2
6854,2
3333,2
5921,2
6455,2
4753,2
6849,2
7049,2
5247,2
7423,2
1880,2
5195,2
2706,2
5548,2
4656,2
2420,2
5882,2
2619,2
4404,2
1915,2
6631,2
4450,2
5266,2
5440,2
1730,2
511,2
789,2
6161,2
7767,2
7981,2
1916,2
1643,2
7589,2
2948,2
4195,2
6885,2
2764,2
6661,2
2644,3
6059,3
1559,3
5285,3
3245,3
4970,3
7050,3
6003,3
5121,3
3816,3
5817,3
2692,3
6884,3
5816,3
4362,3
6771,3
7810,3
6409,3
5674,3
1883,3
73,3
3491,3
1259,3
1335,3
6344,3
4498,3
2513,3
7350,3
3405,3
5617,3
2498,3
1623,3
2304,3
3550,3
1417,3
31,3
2943,3
3077,3
6323,3
168,3
6099,3
6773,3
5610,3
7501,3
1926,3
2088,3
6553,3
2495,3
5987,3
3295,3
1402,3
4323,3
4710,3
1507,3
26,3
4750,3
7174,3
2406,3
2069,3
3942,3
2191,3
500,3
6309,3
437,3
4983,3
1420,3
3857,3
7939,3
1978,3
5992,3
2523,3
6210,3
5716,3
6264,3
3817,3
1180,3
3355,3
2954,3
7732,3
5517,3
7639,3
5887,3
1758,3
534,3
3570,3
585,3
6191,3
4552,3
1203,3
1606,3
6639,3
3303,3
491,3
5180,3
3524,3
3460,3
6049,3
7249,3
6753,3
852,3
7518,3
5209,3
2094,3
2531,3
5478,3
397,3
6055,3
1649,3
401,3
7612,3
7907,3
7695,3
3544,3
5632,3
5903,3
5934,3
4664,3
573,3
2328,3
2955,3
2404,3
7226,3
535,3
3574,3
2373,3
7474,3
3660,3
3383,3
5860,3
473,3
5551,3
6048,3
881,3
4848,3
3346,3
4756,3
2746,3
469,3
2602,3
7068,3
247,3
2276,3
6033,3
865,3
761,3
6365,3
4462,3
2540,3
1287,3
4034,3
425,3
5738,3
3193,3
5830,3
228,3
4515,3
7882,3
693,3
1041,3
3096,3
3050,3
1595,3
2549,3
7617,3
7993,3
6061,3
5125,3
1128,3
5493,3
3473,3
5132,3
58,3
5752,3
4313,3
1199,3
3688,3
4894,3
96,3
5729,3
960,3
1634,3
7779,3
877,3
6656,3
156,3
2087,3
5958,3
611,3
5929,3
1979,3
1188,3
4233,3
447,3
7114,3
2357,3
4119,3
592,3
7930,3
7954,3
7182,3
6550,3
4306,3
4127,3
847,3
6232,3
624,3
3908,3
3238,3
2272,3
6123,3
3753,3
756,3
5707,3
1480,3
3771,3
2641,3
3334,3
6995,3
7656,3
5018,3
5706,3
4562,3
3006,3
764,3
3977,3
5636,3
1971,3
2718,3
7112,3
3898,3
7956,3
1024,3
2829,3
752,3
351,3
6989,3
1313,3
6589,3
3742,3
7508,3
5532,3
3065,3
561,3
2464,3
4271,3
4320,3
6902,3
4816,3
7691,3
1047,3
3103,3
1385,3
414,3
4002,3
2570,3
2002,3
5944,3
3114,3
7469,3
2662,3
4139,3
6436,3
6951,3
2996,3
842,3
1146,3
1832,3
2447,3
6515,3
1253,3
5395,3
4464,3
6341,3
6492,3
5889,3
5670,3
378,3
5813,3
6827,3
6648,3
4294,3
4860,3
1731,3
4463,3
2024,3
3044,3
3859,3
5993,3
4370,3
5219,3
3768,3
2753,3
5389,3
4288,3
6334,3
3455,3
1454,3
3149,3
3298,3
4701,3
3406,3
1175,3
4074,3
1438,3
2210,3
1995,3
3833,3
4466,3
6660,3
547,3
5970,3
3357,3
3185,3
1561,3
172,3
4937,3
3614,3
3519,3
5011,3
1593,3
5436,3
1882,3
7989,3
7862,3
4800,3
6637,3
5294,3
6647,3
7273,3
1038,3
323,3
4081,3
4951,3
4767,3
893,3
2317,3
5100,3
324,3
1215,3
7205,3
3997,3
4539,3
7281,3
7814,3
1129,3
5216,3
5955,3
7051,3
664,3
3328,3
6797,3
208,3
7064,3
747,3
1739,3
798,3
88,3
734,3
5733,3
3649,3
2689,3
1174,3
3142,3
5187,3
1153,3
198,3
7866,3
7450,3
1097,3
548,3
7925,3
6887,3
6720,3
4921,3
1321,3
4157,3
6862,3
2650,3
5345,3
4883,3
5234,3
6586,3
7787,3
5169,3
7300,3
6727,3
2268,3
1671,3
937,3
7038,3
2670,3
2778,3
3164,3
4692,3
5044,3
4771,3
4376,3
4766,3
4301,3
4999,3
3528,3
6803,3
620,3
1452,3
7528,3
4112,3
4857,3
478,3
1352,3
4500,3
1894,3
5748,3
1718,3
3501,3
1768,3
1033,3
3413,3
286,3
550,3
7832,3
6706,3
4557,3
5516,3
2842,3
1783,3
1425,3
6636,3
2589,3
5194,3
5012,3
6918,3
5937,3
1616,3
5912,3
6496,3
7133,3
2481,3
2651,3
3105,3
1784,3
1575,3
4886,3
4639,3
701,3
4635,3
4842,3
6215,3
4246,3
6960,3
2521,3
5174,3
2354,3
4739,3
833,3
2225,3
5849,3
549,3
1020,3
248,3
2264,3
3707,3
296,3
2663,3
3000,3
6338,3
2318,3
7321,3
100,3
4629,3
4773,3
3838,3
2858,3
2291,3
532,3
4693,3
5049,3
3370,3
1370,3
6626,3
346,3
7618,3
3872,3
3856,3
6262,3
681,3
6823,3
3358,3
7605,3
6395,3
6486,3
1566,3
4222,3
6691,3
5372,3
6676,3
5064,3
6627,3
1181,3
1375,3
7485,3
1544,4
1992,4
6421,4
4169,4
3755,4
5908,4
5235,4
6618,4
84,4
5856,4
1558,4
3721,4
3620,4
2627,4
6582,4
418,4
5608,4
1782,4
3248,4
6678,4
4962,4
7945,4
293,4
5848,4
3647,4
7030,4
6587,4
5798,4
7539,4
2684,4
1149,4
1755,4
6808,4
1721,4
6422,4
6050,4
2685,4
3527,4
2571,4
2348,4
5709,4
4454,4
2312,4
7043,4
7784,4
5149,4
6630,4
4102,4
6812,4
4908,4
373,4
6279,4
5783,4
1867,4
6734,4
4392,4
5459,4
1746,4
2441,4
4786,4
4338,4
4251,4
2288,4
3033,4
2638,4
1393,4
812,4
5060,4
1858,4
1869,4
6110,4
2874,4
4387,4
4769,4
6364,4
7254,4
2283,4
1720,4
4588,4
3532,4
7265,4
921,4
322,4
7213,4
6913,4
6188,4
3469,4
5366,4
7931,4
7658,4
4993,4
231,4
1941,4
6880,4
7241,4
1079,4
7979,4
1115,4
6093,4
6832,4
1467,4
5768,4
5714,4
1578,4
6958,4
6861,4
2126,4
6202,4
1450,4
5067,4
3049,4
5007,4
5328,4
7601,4
6128,4
7824,4
5397,4
1488,4
7278,4
5488,4
5274,4
7827,4
5648,4
2825,4
1514,4
265,4
0,4
1451,4
3608,4
4982,4
2899,4
7811,4
838,4
14,4
3918,4
4617,4
7376,4
6965,4
8,4
6504,4
2905,4
2249,4
1039,4
3905,4
6034,4
3616,4
7701,4
3680,4
339,4
121,4
5458,4
6399,4
1090,4
6411,4
1372,4
6021,4
1317,4
622,4
1419,4
6067,4
7914,4
2499,4
4328,4
3720,4
4998,4
3143,4
1410,4
4482,4
2821,4
889,4
6252,4
7108,4
7116,4
7536,4
7879,4
4818,4
196,4
6438,4
4055,4
415,4
3217,4
7212,4
4663,4
432,4
6192,4
3939,4
3454,4
7546,4
3734,4
2157,4
5430,4
1108,4
5628,4
7821,4
2280,4
6712,4
7225,4
3071,4
1195,4
3481,4
5751,4
604,4
3107,4
880,4
1219,4
2648,4
2457,4
6366,4
5780,4
5123,4
4325,4
6852,4
5357,4
1897,4
3984,4
1706,4
1158,4
7046,4
4086,4
6286,4
4373,4
2629,4
7804,4
5288,4
4382,4
1870,4
5814,4
1864,4
4537,4
7443,4
2997,4
904,4
1446,4
7504,4
4830,4
1886,4
7802,4
5928,4
5210,4
1565,4
3795,4
7533,4
4209,4
2388,4
6139,4
3221,4
3296,4
2623,4
4561,4
2399,4
5257,4
2303,4
4913,4
5193,4
4302,4
6153,4
4615,4
254,4
5281,4
1113,4
2260,4
221,4
267,4
107,4
4727,4
1226,4
2835,4
5711,4
7294,4
5570,4
1512,4
5035,4
3203,4
303,4
4428,4
4101,4
3693,4
4942,4
7361,4
1210,4
5307,4
2957,4
6919,4
1436,4
5979,4
7753,4
5492,4
376,4
2688,4
2115,4
7219,4
755,4
291,4
2995,4
4058,4
1543,4
4160,4
188,4
4925,4
1201,4
7478,4
6558,4
1536,4
7592,4
4597,4
501,4
4679,4
3106,4
2647,4
1539,4
3980,4
4475,4
4709,4
6835,4
7406,4
672,4
6904,4
6672,4
6981,4
2476,4
4204,4
6980,4
6405,4
7615,4
6276,4
1192,4
6820,4
7962,4
6429,4
7207,4
1513,4
216,4
4604,4
5425,4
421,4
505,4
5316,4
7115,4
4458,4
3070,4
1582,4
506,4
2177,4
7685,4
7002,4
4844,4
6478,4
7451,4
1965,4
4140,4
3611,4
4098,4
3350,4
6468,4
5130,4
2577,4
347,4
7065,4
6715,4
333,4
4827,4
6946,4
7955,4
3393,4
6590,4
7001,4
6173,4
7492,4
3621,4
5520,4
746,4
1563,4
7922,4
3038,4
3307,4
4618,4
6434,4
2275,4
6870,4
2333,4
2992,4
5896,4
6386,4
7397,4
2927,4
259,4
7328,4
5704,4
5312,4
6787,4
380,4
5168,4
2569,4
2227,4
599,4
1844,4
45,4
1444,4
1652,4
1586,4
5117,4
1893,4
5324,4
5574,4
5133,4
5322,4
4381,4
7651,4
2691,4
2310,4
3790,4
7018,4
6226,4
3379,4
4015,4
1600,4
6634,4
5688,4
3360,4
6274,4
2851,4
4446,4
5819,4
1298,4
426,4
3441,4
805,4
2273,4
410,4
6693,4
665,4
2462,4
438,4
5525,4
7130,4
434,4
5265,4
751,4
1952,4
2133,4
5013,4
3159,4
4775,4
7835,4
6475,4
3135,4
1049,4
626,4
1775,4
3039,4
2178,4
1223,4
210,4
6134,4
3961,4
6822,4
110,4
51,4
1499,4
1109,4
1464,4
7775,4
2036,4
652,4
2337,4
2726,4
5597,4
4774,4
3855,4
7216,4
1795,4
1702,4
6440,4
2669,4
4591,4
3787,4
5157,4
2945,4
1498,4
2941,4
6924,4
6482,4
6217,4
6266,4
4824,4
5876,4
5965,4
3975,4
5202,4
2510,4
2083,4
705,4
1872,4
2516,4
5579,4
4667,4
57,4
1918,4
7902,4
3728,4
3836,5
6408,5
4840,5
527,5
6105,5
6483,5
3209,5
6066,5
5561,5
565,5
7510,5
2862,5
7538,5
2183,5
6412,5
2034,5
640,5
2445,5
2412,5
4003,5
730,5
5789,5
4947,5
1964,5
5296,5
3479,5
2166,5
6940,5
7634,5
325,5
1820,5
5021,5
5159,5
290,5
1747,5
3176,5
7029,5
2750,5
2372,5
4477,5
7752,5
3102,5
5292,5
3464,5
4372,5
7500,5
6714,5
6663,5
5091,5
864,5
7569,5
6778,5
3708,5
7936,5
371,5
3477,5
2389,5
6318,5
6284,5
5663,5
4487,5
7669,5
1360,5
911,5
5141,5
4295,5
7976,5
4602,5
964,5
1423,5
122,5
479,5
662,5
6692,5
2189,5
5214,5
2131,5
439,5
1379,5
1443,5
4379,5
4335,5
1477,5
6749,5
1173,5
4534,5
5409,5
2446,5
3948,5
3085,5
279,5
2580,5
4625,5
1101,5
6224,5
1694,5
2142,5
3317,5
2423,5
6285,5
5070,5
577,5
59,5
787,5
2543,5
5831,5
5108,5
4304,5
7084,5
5360,5
7511,5
7553,5
3907,5
7497,5
6403,5
5163,5
6793,5
184,5
2470,5
2515,5
420,5
553,5
1397,5
7156,5
2407,5
6828,5
1760,5
7521,5
297,5
443,5
3538,5
1119,5
2673,5
2605,5
1921,5
655,5
4708,5
5531,5
3043,5
4239,5
6203,5
4050,5
6704,5
6220,5
558,5
6739,5
1371,5
907,5
4010,5
1433,5
7798,5
4412,5
5028,5
5964,5
926,5
3196,5
15,5
7240,5
7286,5
5702,5
1161,5
3590,5
4247,5
7323,5
4934,5
5587,5
3922,5
1362,5
1212,5
1876,5
2517,5
3034,5
6221,5
7333,5
1170,5
6329,5
6519,5
3892,5
1833,5
4991,5
1859,5
3204,5
4012,5
4190,5
3715,5
5719,5
387,5
5111,5
1032,5
5482,5
6384,5
3834,5
5212,5
931,5
4235,5
691,5
1891,5
3757,5
4332,5
6361,5
2492,5
6769,5
44,5
5362,5
2263,5
7057,5
3395,5
5040,5
3014,5
1683,5
5974,5
7852,5
63,5
3459,5
4803,5
3424,5
227,5
4125,5
5014,5
5388,5
7349,5
969,5
1805,5
4210,5
3412,5
4245,5
5681,5
2698,5
6804,5
1860,5
3978,5
5128,5
7937,5
2833,5
252,5
3815,5
7994,5
1789,5
6609,5
2059,5
6899,5
2855,5
5781,5
1902,5
2119,5
5905,5
2683,5
6785,5
5527,5
4567,5
75,5
6956,5
430,5
4087,5
4434,5
7807,5
3710,5
5710,5
5340,5
6591,5
2301,5
5019,5
240,5
783,5
1354,5
4456,5
977,5
809,5
2168,5
1599,5
6807,5
3127,5
1620,5
2818,5
1482,5
5537,5
1801,5
2095,5
7024,5
1357,5
5286,5
4674,5
2879,5
3862,5
3184,5
6686,5
3154,5
6069,5
3260,5
7943,5
29,5
7619,5
3098,5
1092,5
124,5
4231,5
5844,5
3016,5
4897,5
2298,5
5093,5
1553,5
6811,5
598,5
5167,5
1416,5
3686,5
4128,5
4706,5
5573,5
2197,5
3880,5
4516,5
7461,5
808,5
7720,5
958,5
4984,5
4747,5
810,5
834,5
6120,5
2576,5
1235,5
1225,5
5229,5
7859,5
3001,5
7139,5
6207,5
4900,5
2908,5
4847,5
1657,5
6824,5
452,5
6100,5
3316,5
422,5
1220,5
6998,5
5186,5
7460,5
4377,5
102,5
4914,5
3151,5
1580,5
6111,5
2206,5
170,5
7264,5
135,5
7974,5
4520,5
1310,5
7198,5
2284,5
5737,5
7080,5
4607,5
7033,5
1935,5
6204,5
7327,5
2728,5
807,5
2045,5
4385,5
462,5
1956,5
4877,5
799,5
5196,5
1073,5
144,5
1340,5
4339,5
3133,5
2091,5
4975,5
5317,5
2968,5
4478,5
4765,5
2820,5
1003,5
4781,5
7131,5
555,5
6743,5
1485,5
5717,5
1272,5
1411,5
7058,5
7312,5
1471,5
6260,5
6382,5
6760,5
4623,5
7841,5
3704,5
981,5
6794,5
2864,5
7062,5
1268,5
7794,5
268,5
654,5
2614,5
2845,5
2917,5
5594,5
3487,5
589,5
4546,5
6414,5
5606,5
7697,5
3933,5
6894,5
5669,5
1808,5
7797,5
5701,5
3573,5
677,5
3529,5
5380,5
3353,5
3002,5
4677,5
6943,5
2432,5
4161,5
7396,5
5507,5
4103,5
2932,5
5859,5
1611,5
4280,5
5735,5
7762,5
4348,5
5679,5
3837,5
605,5
3131,5
5697,5
1468,5
5900,5
3821,5
3749,5
5902,5
7470,5
3780,5
2155,5
2809,5
7659,5
2077,5
7166,5
6867,5
6579,5
4772,5
584,5
5812,5
2699,5
6073,5
2799,5
6201,5
5113,5
7142,5
6106,5
2484,5
6236,5
7702,5
5641,5
344,5
3003,5
4638,5
3279,5
7506,5
3945,5
6200,5
6897,5
5981,5
90,5
3781,5
5762,5
4963,5
3443,5
2117,5
4237,5
6081,5
4586,5
7103,5
947,6
7345,6
4299,6
4241,6
883,6
6969,6
4512,6
6671,6
5025,6
7129,6
7336,6
5910,6
5347,6
4778,6
5332,6
6572,6
5614,6
2415,6
5065,6
7418,6
3921,6
5377,6
6324,6
3125,6
2398,6
4619,6
1710,6
5374,6
4707,6
1186,6
4374,6
7683,6
5756,6
6091,6
7823,6
151,6
915,6
1305,6
3849,6
7296,6
4714,6
5282,6
1398,6
2519,6
183,6
7543,6
6277,6
3023,6
2417,6
471,6
967,6
5338,6
5273,6
209,6
1961,6
896,6
6068,6
2578,6
4896,6
1773,6
5809,6
2299,6
1209,6
4918,6
4568,6
3979,6
1251,6
4601,6
3165,6
5858,6
4825,6
4230,6
292,6
7224,6
1051,6
5410,6
3282,6
272,6
2042,6
4307,6
2646,6
5790,6
5555,6
1086,6
5599,6
7611,6
5547,6
7991,6
3026,6
3543,6
5086,6
6222,6
3341,6
2960,6
2794,6
4032,6
613,6
5684,6
3783,6
3377,6
4471,6
4685,6
1748,6
7218,6
6126,6
3172,6
3739,6
5001,6
3148,6
4287,6
2154,6
1344,6
7733,6
6013,6
7781,6
952,6
6900,6
1504,6
3309,6
7952,6
3076,6
1121,6
4525,6
4819,6
4359,6
3113,6
7517,6
3053,6
416,6
4741,6
2431,6
2903,6
564,6
2526,6
1224,6
142,6
1490,6
6343,6
6721,6
2004,6
1194,6
7600,6
2885,6
1756,6
497,6
2868,6
7818,6
912,6
721,6
5828,6
7498,6
1496,6
3024,6
1520,6
5114,6
4292,6
3886,6
4923,6
6450,6
108,6
1754,6
6273,6
1351,6
6540,6
5595,6
3504,6
1973,6
336,6
6559,6
6829,6
3639,6
3017,6
5689,6
3315,6
724,6
765,6
4439,6
5379,6
4503,6
307,6
1278,6
6973,6
3745,6
6234,6
4907,6
7255,6
1791,6
4162,6
7401,6
6119,6
2053,6
4483,6
5220,6
71,6
3951,6
4060,6
5314,6
2887,6
4129,6
1260,6
1666,6
4398,6
4039,6
4252,6
6473,6
2167,6
7616,6
2533,6
1695,6
1095,6
6026,6
5861,6
3751,6
1630,6
4906,6
1881,6
4522,6
5369,6
1612,6
978,6
3994,6
5693,6
7076,6
848,6
3773,6
3662,6
2271,6
2392,6
6984,6
1830,6
2760,6
47,6
7649,6
1350,6
7449,6
3080,6
446,6
2248,6
1743,6
844,6
5156,6
2860,6
5544,6
2440,6
678,6
7083,6
4506,6
1294,6
2759,6
3846,6
4593,6
7475,6
5728,6
5909,6
1112,6
776,6
7563,6
2231,6
2228,6
2153,6
5446,6
5074,6
4764,6
1366,6
1469,6
1851,6
1963,6
2926,6
7071,6
4712,6
3887,6
485,6
2239,6
4051,6
3101,6
7429,6
6142,6
30,6
1879,6
5807,6
4275,6
3128,6
3399,6
5170,6
7975,6
1036,6
636,6
5998,6
3047,6
1083,6
2615,6
861,6
4035,6
903,6
6728,6
109,6
7692,6
7427,6
6578,6
7654,6
6723,6
7637,6
5879,6
1831,6
7013,6
5037,6
782,6
7805,6
7126,6
3653,6
4852,6
2826,6
3909,6
1825,6
2617,6
5519,6
1094,6
5620,6
5687,6
3382,6
4874,6
3950,6
2865,6
1654,6
6555,6
7331,6
2323,6
2413,6
6135,6
2654,6
3018,6
2678,6
4538,6
5213,6
5576,6
5009,6
7897,6
178,6
5503,6
5682,6
3340,6
1204,6
2202,6
5407,6
6497,6
6176,6
7372,6
7953,6
3954,6
1770,6
829,6
941,6
3169,6
2486,6
627,6
3011,6
4716,6
925,6
295,6
1052,6
2707,6
3213,6
6920,6
2867,6
2789,6
944,6
6368,6
6642,6
12,6
1117,6
5834,6
7825,6
5485,6
3121,6
4872,6
1319,6
779,6
7815,6
7320,6
3617,6
3765,6
433,6
653,6
2477,6
5267,6
5935,6
4829,6
4622,6
3055,6
7796,6
4048,6
2886,6
6458,6
4782,6
5837,6
3706,6
2984,6
5566,6
570,6
1448,6
5062,6
4053,6
4855,6
4100,6
1745,6
2741,6
1590,6
3820,6
287,6
1738,6
5023,6
7069,6
3433,6
4967,6
6750,6
5481,6
5770,6
2827,6
1684,6
5221,6
1338,6
4317,6
2742,6
6982,6
6569,6
3869,6
5708,6
2902,6
2258,6
4640,6
4862,6
3955,6
6594,6
7593,6
4410,6
1564,6
6114,6
4655,6
7999,6
4762,6
2185,6
4104,6
1231,6
5302,6
1258,6
2254,6
1951,6
7437,6
113,6
6796,6
2509,6
5865,6
4047,6
2963,6
2548,6
4105,6
507,6
4730,6
4680,6
3518,6
7088,6
5744,6
4253,6
2850,6
4687,6
4264,6
7527,6
350,6
4742,6
2906,6
5077,6
4486,6
2505,6
2620,6
5842,6
1114,6
2846,6
5656,6
298,6
1675,6
6354,6
7579,6
4315,6
6104,6
6533,6
3605,6
3668,6
229,6
76,6
6006,6
5559,6
7790,6
5154,6
2103,6
7434,6
6539,6
7007,6
3297,6
5549,6
6000,6
1614,7
607,7
3852,7
4728,7
1093,7
5304,7
2622,7
6485,7
7856,7
7594,7
203,7
2387,7
3689,7
4609,7
837,7
2934,7
5457,7
7933,7
1230,7
6080,7
1609,7
7484,7
3478,7
6538,7
7620,7
6746,7
2732,7
5351,7
6430,7
6860,7
6292,7
3337,7
3731,7
6109,7
4890,7
3375,7
4056,7
657,7
790,7
3540,7
6249,7
6602,7
2561,7
3966,7
1359,7
7342,7
2347,7
5432,7
4630,7
2781,7
5927,7
7359,7
6082,7
6996,7
3497,7
615,7
2575,7
6467,7
2314,7
1705,7
5677,7
6199,7
6836,7
1780,7
3381,7
803,7
857,7
4574,7
4678,7
990,7
5384,7
6290,7
3194,7
5659,7
219,7
4472,7
1288,7
582,7
2618,7
43,7
1234,7
7118,7
7588,7
3289,7
7737,7
1892,7
4879,7
7009,7
4584,7
7160,7
1071,7
718,7
2364,7
1505,7
670,7
4614,7
2952,7
4836,7
7446,7
4650,7
897,7
6444,7
2666,7
2890,7
3698,7
1530,7
3442,7
6697,7
4606,7
6391,7
4354,7
4333,7
7739,7
4553,7
6108,7
1874,7
2370,7
1769,7
5823,7
3842,7
1983,7
531,7
5741,7
7087,7
7169,7
2881,7
81,7
3903,7
6516,7
3268,7
2163,7
731,7
2339,7
5825,7
2232,7
6333,7
5354,7
7542,7
5072,7
4610,7
5621,7
3785,7
6498,7
2705,7
1255,7
2104,7
4314,7
4411,7
4407,7
898,7
428,7
7194,7
5498,7
6268,7
7245,7
1222,7
3541,7
3484,7
6859,7
6939,7
7481,7
6047,7
1621,7
7149,7
4108,7
6392,7
1096,7
2715,7
2072,7
7860,7
5510,7
4201,7
7795,7
6754,7
2588,7
1788,7
5808,7
3949,7
528,7
4071,7
192,7
4510,7
1126,7
3467,7
3685,7
6481,7
304,7
3552,7
1292,7
70,7
3555,7
4575,7
2687,7
7151,7
3651,7
831,7
5020,7
1456,7
4013,7
4899,7
238,7
92,7
2977,7
3463,7
3937,7
7765,7
4151,7
6759,7
3410,7
4224,7
6782,7
1001,7
4141,7
7665,7
2377,7
5272,7
4995,7
6599,7
6846,7
1532,7
2410,7
4863,7
411,7
3593,7
7672,7
7575,7
2805,7
7390,7
7851,7
3082,7
5901,7
1736,7
6791,7
5030,7
7301,7
6336,7
6454,7
3400,7
633,7
3021,7
498,7
4823,7
2463,7
4508,7
637,7
720,7
288,7
757,7
4690,7
4559,7
3089,7
4684,7
5461,7
5553,7
449,7
596,7
3601,7
1068,7
1942,7
1647,7
3971,7
5271,7
2700,7
1700,7
7969,7
4755,7
4375,7
2942,7
6684,7
6571,7
5743,7
2123,7
4147,7
86,7
2308,7
2677,7
5403,7
5603,7
6667,7
2594,7
5341,7
3058,7
1029,7
5474,7
2876,7
4505,7
4903,7
2144,7
3982,7
6524,7
5027,7
1200,7
2025,7
621,7
7279,7
566,7
7047,7
1837,7
1334,7
3875,7
7607,7
2099,7
6834,7
3411,7
4329,7
1688,7
745,7
5480,7
6710,7
2187,7
195,7
1152,7
6570,7
5283,7
802,7
5008,7
2350,7
7803,7
3409,7
7247,7
5184,7
2068,7
2907,7
6681,7
7459,7
644,7
7432,7
6005,7
3624,7
3779,7
6952,7
120,7
1777,7
2981,7
4273,7
3074,7
6433,7
6180,7
6991,7
3035,7
2135,7
6780,7
7561,7
134,7
7072,7
4122,7
4353,7
4250,7
7717,7
4603,7
2559,7
62,7
6480,7
7486,7
4309,7
1642,7
5692,7
2467,7
679,7
4480,7
741,7
1211,7
2170,7
6043,7
6505,7
5329,7
2900,7
3258,7
567,7
1873,7
648,7
2596,7
1717,7
6638,7
2843,7
1392,7
6018,7
3641,7
5335,7
5269,7
5875,7
489,7
493,7
690,7
5612,7
602,7
1911,7
5514,7
7314,7
6025,7
5678,7
3539,7
5059,7
5489,7
2366,7
1187,7
274,7
4541,7
4996,7
1361,7
3794,7
1526,7
5590,7
3912,7
7881,7
1551,7
330,7
7523,7
1337,7
5452,7
945,7
6296,7
2250,7
6300,7
801,7
3941,7
2346,7
68,7
7677,7
5696,7
2784,7
1598,7
4207,7
4722,7
6909,7
1503,7
5045,7
150,7
2804,7
3964,7
2086,7
7295,7
2259,7
3947,7
7868,7
6175,7
5773,7
859,7
3480,7
4985,7
3505,7
4814,7
4121,7
7682,7
366,7
1432,7
4303,7
7191,7
1779,7
6964,7
4173,7
1818,7
5120,7
841,7
2704,7
1189,7
175,7
4441,7
7525,7
617,7
2093,7
3308,7
5820,7
3827,7
82,7
3819,7
3208,7
816,7
1030,7
4092,7
300,7
6306,7
1472,7
283,7
2028,7
4310,7
4912,7
6350,7
2915,7
1813,7
1271,7
6209,7
5278,7
6556,7
6612,7
5075,7
5107,7
3150,7
820,7
2313,7
2008,7
4832,7
2642,7
6923,7
7293,7
2305,7
6435,7
5767,7
99,7
4698,7
744,8
7684,8
7402,8
3973,8
480,8
7175,8
7763,8
5660,8
1157,8
6711,8
7419,8
5907,8
1437,8
2414,8
4864,8
402,8
6057,8
2195,8
949,8
4165,8
2067,8
7652,8
5609,8
668,8
218,8
3366,8
7703,8
1962,8
3891,8
5799,8
2213,8
2633,8
1659,8
3625,8
5367,8
5309,8
5487,8
2145,8
777,8
2434,8
3066,8
4453,8
5747,8
6858,8
4870,8
1491,8
3545,8
3153,8
3774,8
6424,8
3589,8
6632,8
4641,8
517,8
3944,8
4159,8
4528,8
5495,8
7783,8
6129,8
1415,8
568,8
360,8
4043,8
6898,8
6218,8
4166,8
3100,8
3914,8
759,8
3548,8
6523,8
7520,8
7714,8
6499,8
5230,8
214,8
4028,8
6888,8
3692,8
5943,8
4564,8
4077,8
1473,8
2244,8
725,8
4560,8
3560,8
49,8
6271,8
5963,8
3130,8
887,8
7006,8
4423,8
2893,8
7655,8
7229,8
516,8
3168,8
2949,8
3879,8
139,8
6724,8
3882,8
5259,8
3197,8
7571,8
112,8
3195,8
463,8
7243,8
1233,8
3250,8
594,8
4866,8
450,8
7477,8
3277,8
6079,8
4691,8
312,8
7621,8
7283,8
4661,8
4851,8
7231,8
5396,8
451,8
3166,8
6453,8
6772,8
3626,8
890,8
2763,8
658,8
1506,8
4011,8
4554,8
7487,8
999,8
389,8
3407,8
2330,8
1476,8
2240,8
7193,8
7204,8
6679,8
3936,8
6751,8
2972,8
3386,8
2775,8
1923,8
758,8
700,8
7008,8
1293,8
7061,8
2873,8
6698,8
2535,8
6729,8
1907,8
6917,8
7019,8
368,8
1937,8
4213,8
1151,8
7670,8
5090,8
4192,8
4279,8
3010,8
7867,8
191,8
7277,8
4427,8
174,8
1903,8
1099,8
5313,8
3646,8
3408,8
3885,8
2292,8
6974,8
7776,8
5321,8
4898,8
1164,8
5151,8
4651,8
3801,8
6957,8
5022,8
3664,8
5673,8
1661,8
508,8
166,8
5518,8
5515,8
4091,8
5593,8
3269,8
5405,8
3494,8
6510,8
103,8
3265,8
1111,8
4868,8
4075,8
1104,8
4938,8
1752,8
7148,8
4507,8
4168,8
7105,8
2916,8
5284,8
1658,8
152,8
4401,8
2483,8
1583,8
6735,8
2552,8
7830,8
3931,8
3551,8
3722,8
4371,8
6451,8
3803,8
6993,8
2209,8
4447,8
4974,8
4467,8
2985,8
1822,8
3989,8
6179,8
4590,8
6701,8
5082,8
309,8
212,8
7799,8
4812,8
3599,8
3622,8
4386,8
7378,8
3450,8
495,8
5749,8
3256,8
205,8
1434,8
1135,8
2584,8
868,8
2749,8
3613,8
305,8
1849,8
4240,8
4041,8
1988,8
3240,8
2798,8
5763,8
1534,8
3109,8
843,8
1987,8
7202,8
5386,8
1714,8
383,8
1538,8
211,8
3388,8
6426,8
1957,8
5246,8
2438,8
2727,8
6239,8
6098,8
1349,8
5026,8
5873,8
3580,8
6130,8
680,8
180,8
7613,8
4022,8
7393,8
5976,8
278,8
3844,8
3319,8
3252,8
2518,8
2480,8
289,8
3075,8
4990,8
4215,8
6020,8
993,8
3235,8
2236,8
7467,8
39,8
7565,8
5418,8
5661,8
2754,8
6417,8
3956,8
270,8
3881,8
2883,8
6542,8
5166,8
5250,8
5766,8
6355,8
6223,8
111,8
3218,8
1391,8
2600,8
220,8
4726,8
4828,8
7391,8
5724,8
83,8
873,8
7413,8
5015,8
461,8
7642,8
5793,8
551,8
3995,8
2374,8
6730,8
4205,8
2246,8
7531,8
4556,8
2450,8
2329,8
6716,8
2146,8
7552,8
4416,8
7066,8
650,8
7522,8
708,8
6844,8
4269,8
4369,8
6929,8
3063,8
5378,8
3349,8
1424,8
1216,8
6116,8
1924,8
104,8
1064,8
3786,8
314,8
1289,8
6009,8
1427,8
7214,8
7338,8
3129,8
7995,8
6479,8
3008,8
6625,8
1105,8
4383,8
5899,8
5700,8
7997,8
6953,8
684,8
6115,8
5160,8
2765,8
4949,8
7196,8
4943,8
3682,8
7332,8
6883,8
6942,8
2451,8
7473,8
4334,8
3824,8
326,8
2652,8
6695,8
7743,8
2176,8
4405,8
4740,8
6930,8
3318,8
4746,8
4180,8
7895,8
2787,8
5462,8
4189,8
1676,8
7168,8
348,8
6792,8
3226,8
6160,8
5099,8
1626,8
4885,8
4094,8
5784,8
2369,8
871,8
5746,8
2217,8
7096,8
2218,8
3326,8
6774,8
3583,8
6281,8
7086,8
2121,8
5058,8
136,8
6280,8
85,8
7471,8
1877,8
2801,8
3671,8
6149,8
6321,8
2640,8
6855,8
7326,8
2880,8
6551,8
494,8
2019,8
5144,8
2525,8
4810,8
4099,8
6193,8
7421,8
1270,8
4594,8
4527,8
2895,8
6182,8
7368,8
618,8
6853,8
3425,8
4436,8
7847,8
4994,8
4367,8
4030,8
4776,8
1413,8
2201,8
2001,8
5982,8
869,8
2358,8
2006,9
3090,9
2321,9
5558,9
356,9
1162,9
6089,9
3064,9
4046,9
3161,9
3770,9
5041,9
5055,9
2607,9
7886,9
1890,9
579,9
2319,9
4326,9
6813,9
3563,9
1691,9
862,9
5433,9
6560,9
2380,9
2378,9
6947,9
3792,9
7826,9
5939,9
3306,9
7261,9
3499,9
4391,9
1116,9
1541,9
6125,9
6167,9
7362,9
7985,9
4420,9
5416,9
6393,9
3661,9
4529,9
5365,9
5228,9
7836,9
3365,9
7494,9
2500,9
7077,9
5102,9
7920,9
4284,9
7107,9
7884,9
3809,9
6725,9
6036,9
7109,9
7622,9
4350,9
7439,9
5960,9
5331,9
7668,9
3667,9
2052,9
4254,9
1776,9
4502,9
3313,9
4919,9
2536,9
7713,9
7060,9
1592,9
1723,9
3509,9
6950,9
5874,9
2611,9
4148,9
5456,9
4322,9
490,9
6733,9
3483,9
2910,9
1006,9
6389,9
3431,9
2503,9
7435,9
5061,9
25,9
7122,9
2409,9
3270,9
1552,9
6874,9
5990,9
3871,9
3402,9
979,9
2655,9
1847,9
5227,9
6865,9
4705,9
5953,9
4745,9
1102,9
3276,9
5643,9
5948,9
7754,9
3996,9
194,9
643,9
3285,9
3116,9
3575,9
6566,9
2207,9
3718,9
972,9
719,9
7163,9
3896,9
2803,9
2566,9
4025,9
32,9
6302,9
4063,9
6460,9
1697,9
2792,9
2222,9
3764,9
3866,9
6058,9
6447,9
4397,9
5926,9
3758,9
5339,9
3227,9
5623,9
3904,9
2277,9
4490,9
1401,9
739,9
4902,9
7272,9
6189,9
5381,9
7998,9
7854,9
674,9
4194,9
3841,9
1815,9
5572,9
7750,9
6847,9
5973,9
2100,9
6745,9
2101,9
4587,9
1548,9
4217,9
3323,9
7747,9
355,9
1461,9
7093,9
3220,9
5720,9
5176,9
1751,9
5255,9
4989,9
1772,9
1196,9
1878,9
2668,9
7983,9
2016,9
2005,9
3893,9
3237,9
2078,9
396,9
2788,9
5866,9
4072,9
7858,9
4763,9
1519,9
5633,9
1378,9
1023,9
2587,9
5017,9
2857,9
5501,9
1629,9
3523,9
7650,9
3607,9
7144,9
234,9
7822,9
3796,9
4118,9
3800,9
4955,9
5897,9
1948,9
7110,9
4959,9
3492,9
2671,9
7358,9
2224,9
1106,9
7025,9
818,9
6237,9
6169,9
7102,9
888,9
2437,9
817,9
3414,9
2341,9
6576,9
3167,9
5916,9
5270,9
1264,9
7381,9
7124,9
5639,9
1228,9
4787,9
52,9
4817,9
5654,9
159,9
4956,9
1587,9
1589,9
4751,9
7541,9
5048,9
3858,9
4409,9
2828,9
436,9
5349,9
3878,9
1588,9
2780,9
6509,9
5904,9
5890,9
973,9
1238,9
2951,9
2342,9
7028,9
6839,9
1497,9
4257,9
2422,9
7104,9
6781,9
6896,9
2092,9
2015,9
6623,9
5839,9
187,9
4523,9
3655,9
3426,9
5263,9
1381,9
4901,9
413,9
3336,9
3606,9
7499,9
5835,9
5118,9
256,9
4652,9
7844,9
2235,9
1767,9
4236,9
7274,9
1572,9
24,9
6330,9
1088,9
2694,9
4979,9
3398,9
3559,9
6765,9
2841,9
2311,9
6138,9
7599,9
4152,9
1309,9
695,9
4395,9
3752,9
1227,9
1999,9
276,9
4461,9
6561,9
6346,9
7305,9
5422,9
7537,9
7965,9
4631,9
1137,9
2767,9
5371,9
5057,9
942,9
6452,9
3935,9
2384,9
115,9
7495,9
7958,9
3119,9
4258,9
4418,9
6298,9
2819,9
3822,9
6666,9
6419,9
3802,9
3536,9
3825,9
6032,9
1946,9
6921,9
3488,9
1610,9
6219,9
2194,9
5385,9
557,9
6742,9
1207,9
4634,9
4808,9
1510,9
3829,9
3732,9
5224,9
3211,9
3630,9
5469,9
5472,9
266,9
1140,9
3162,9
7562,9
7352,9
1909,9
6608,9
6830,9
656,9
5671,9
5143,9
998,9
4880,9
2834,9
6805,9
1237,9
6669,9
5201,9
6118,9
2186,9
1134,9
1303,9
1627,9
5164,9
1522,9
358,9
138,9
299,9
1556,9
382,9
5540,9
4582,9
6633,9
5818,9
4696,9
6476,9
5522,9
6877,9
2721,9
1932,9
5140,9
7195,9
7238,9
4163,9
6915,9
3807,9
6841,9
5705,9
4154,9
4172,9
796,9
2416,9
785,9
3158,9
123,9
2172,9
5785,9
5736,9
4340,9
910,9
2309,9
7490,9
3634,9
1257,9
1178,9
3650,9
442,9
6143,9
1399,9
1457,9
4939,9
1054,9
3275,9
6145,9
3699,9
3759,9
929,9
5672,9
1829,9
6786,9
4221,9
7337,9
6446,9
7085,9
2011,9
6074,9
5563,9
7671,9
2606,9
3264,9
6056,9
7371,9
6,9
2980,9
3361,9
1943,9
7780,9
7364,9
6770,9
6152,9
6248,9
7360,9
3134,9
5096,9
2242,9
1474,9
5946,9
1889,9
3435,9
4987,9
3705,9
2021,9
4020,9
6301,9
5715,9
6607,9
2658,9
1130,9
4834,9
7246,10
4915,10
4318,10
7412,10
4144,10
1236,10
7745,10
7189,10
2282,10
5435,10
7003,10
4093,10
4653,10
6876,10
386,10
1628,10
3585,10
2714,10
6891,10
6137,10
7005,10
3189,10
4305,10
909,10
6052,10
1866,10
1842,10
2497,10
6554,10
5192,10
5071,10
4006,10
2702,10
6583,10
331,10
4700,10
7748,10
2459,10
1774,10
4988,10
5239,10
2686,10
6752,10
6500,10
6922,10
5888,10
6845,10
6121,10
5712,10
6027,10
173,10
3321,10
6147,10
3372,10
3311,10
4801,10
7239,10
7845,10
5344,10
3403,10
18,10
3691,10
6046,10
4096,10
3628,10
6339,10
2174,10
1356,10
4856,10
7256,10
3112,10
182,10
6255,10
6332,10
1812,10
5171,10
1800,10
2429,10
6183,10
7704,10
7820,10
5577,10
5330,10
7626,10
1159,10
1213,10
1325,10
4932,10
1455,10
4694,10
6127,10
1644,10
2140,10
4536,10
4457,10
6466,10
4378,10
729,10
4357,10
1936,10
3793,10
7464,10
6903,10
7074,10
1110,10
6503,10
2998,10
2394,10
1185,10
2007,10
193,10
7640,10
578,10
771,10
2395,10
7919,10
1846,10
6696,10
4274,10
3740,10
4600,10
6682,10
6259,10
2073,10
1896,10
5894,10
3659,10
2379,10
1447,10
342,10
7059,10
2527,10
727,10
4577,10
976,10
5647,10
3516,10
6064,10
7674,10
3940,10
1299,10
7347,10
660,10
1492,10
5391,10
5571,10
5857,10
2315,10
7426,10
7367,10
1085,10
7545,10
3198,10
5787,10
5434,10
67,10
6362,10
2269,10
5653,10
6054,10
6308,10
3447,10
2367,10
4761,10
7127,10
2512,10
2723,10
6817,10
5924,10
1143,10
7591,10
6520,10
6864,10
6907,10
3789,10
2220,10
2331,10
5505,10
6040,10
7436,10
4088,10
1967,10
6263,10
7388,10
4365,10
423,10
6934,10
1904,10
7260,10
3917,10
3618,10
839,10
4596,10
4922,10
141,10
6610,10
1377,10
3674,10
6225,10
7837,10
3808,10
1138,10
2257,10
1787,10
3938,10
5404,10
7365,10
459,10
7315,10
948,10
3700,10
1336,10
4628,10
7570,10
1602,10
2238,10
639,10
7718,10
3830,10
5605,10
7706,10
7155,10
1070,10
155,10
2295,10
5584,10
4578,10
1089,10
2940,10
6768,10
4384,10
930,10
2909,10
5153,10
7548,10
3247,10
7268,10
6703,10
7375,10
7090,10
6911,10
7509,10
1698,10
7756,10
7951,10
5414,10
3831,10
7291,10
7729,10
985,10
1821,10
7037,10
587,10
7627,10
5557,10
7285,10
7946,10
6464,10
6353,10
3557,10
1395,10
264,10
3547,10
5448,10
7303,10
7054,10
3864,10
6644,10
2400,10
6658,10
3711,10
246,10
1594,10
7772,10
5624,10
923,10
5676,10
7430,10
669,10
3604,10
1910,10
6086,10
3958,10
2696,10
2591,10
1781,10
3013,10
2307,10
4791,10
3690,10
687,10
612,10
3200,10
2267,10
7666,10
6821,10
1898,10
5792,10
258,10
2924,10
2822,10
3339,10
3525,10
4563,10
2285,10
6763,10
484,10
2211,10
4965,10
2555,10
7,10
3657,10
6784,10
4402,10
2426,10
1814,10
2274,10
1011,10
6144,10
1067,10
1991,10
3970,10
5694,10
6976,10
3867,10
7140,10
3048,10
781,10
7760,10
1749,10
2791,10
1091,10
5533,10
6766,10
7137,10
6494,10
2608,10
6568,10
2290,10
1727,10
610,10
4666,10
343,10
5598,10
6243,10
3750,10
7252,10
6986,10
3215,10
97,10
5033,10
1537,10
3588,10
3648,10
6370,10
4958,10
1517,10
7044,10
4624,10
4272,10
3669,10
2090,10
572,10
7275,10
7657,10
6646,10
3062,10
5076,10
5885,10
5846,10
5589,10
5359,10
4479,10
370,10
1938,10
5666,10
6908,10
3670,10
3652,10
2361,10
4260,10
7399,10
7211,10
3737,10
4936,10
5523,10
5556,10
1171,10
7404,10
1422,10
7180,10
7045,10
5261,10
874,10
2297,10
2643,10
6935,10
840,10
581,10
204,10
1641,10
2014,10
3253,10
7053,10
905,10
631,10
5680,10
6783,10
1974,10
162,10
5466,10
7188,10
5097,10
4713,10
875,10
1431,10
4643,10
6740,10
5003,10
5419,10
2856,10
1861,10
2659,10
3384,10
7344,10
7660,10
6662,10
4733,10
3331,10
7676,10
6023,10
5583,10
2096,10
2003,10
5521,10
546,10
1449,10
5550,10
2610,10
1900,10
6307,10
2757,10
1885,10
7727,10
2097,10
6963,10
7187,10
836,10
3471,10
4697,10
6367,10
2171,10
6879,10
6814,10
398,10
2010,10
7680,10
1283,10
5646,10
5852,10
4256,10
1836,10
1019,10
1326,10
5006,10
475,10
2810,10
6012,10
1651,10
7422,10
6840,10
2528,10
1206,10
5206,10
7089,10
6159,10
5398,10
867,10
2974,10
541,10
1132,10
7746,10
7203,10
3390,10
5758,10
2962,10
4155,10
3259,10
5200,10
7896,10
2583,10
2813,10
6211,10
6936,10
5513,10
3586,10
6875,10
5241,10
6810,10
2630,10
6410,11
5106,11
1080,11
4283,11
2085,11
2452,11
4966,11
2023,11
5815,11
6151,11
226,11
1013,11
1929,11
5650,11
1404,11
2179,11
697,11
1124,11
3895,11
1778,11
5112,11
2634,11
3489,11
1037,11
2256,11
5361,11
7904,11
313,11
2649,11
2281,11
7778,11
2547,11
2159,11
3137,11
6653,11
3967,11
1428,11
5683,11
2520,11
5148,11
7855,11
5920,11
448,11
5054,11
1284,11
3727,11
361,11
7456,11
6379,11
2460,11
22,11
2066,11
1653,11
702,11
7356,11
2743,11
1376,11
6866,11
2468,11
3754,11
2325,11
460,11
4183,11
4082,11
1486,11
3678,11
282,11
4558,11
4308,11
4865,11
3537,11
5629,11
2581,11
1368,11
7217,11
5375,11
597,11
4351,11
6502,11
4758,11
7938,11
7535,11
7441,11
3468,11
5119,11
2990,11
7120,11
7842,11
2544,11
5952,11
7540,11
4066,11
3988,11
7723,11
685,11
5110,11
3243,11
7624,11
4083,11
2837,11
3697,11
4941,11
7016,11
4040,11
2230,11
5843,11
2320,11
4878,11
521,11
522,11
6250,11
6442,11
7883,11
6041,11
780,11
6261,11
5426,11
651,11
5972,11
2196,11
369,11
5251,11
4214,11
377,11
7673,11
2216,11
6095,11
1613,11
7181,11
3632,11
962,11
7201,11
7505,11
6101,11
5427,11
359,11
3839,11
7210,11
1246,11
5586,11
5087,11
3694,11
6758,11
2567,11
3423,11
2037,11
772,11
7351,11
3562,11
7568,11
7313,11
5300,11
4531,11
1674,11
365,11
5260,11
6377,11
4327,11
147,11
7034,11
3088,11
6315,11
407,11
7386,11
3456,11
4182,11
3576,11
3271,11
4940,11
1031,11
5245,11
855,11
3926,11
78,11
2247,11
5931,11
7307,11
7355,11
6195,11
5509,11
788,11
2279,11
4095,11
3897,11
7584,11
6649,11
3631,11
5995,11
424,11
392,11
5978,11
7549,11
4200,11
2672,11
7318,11
5412,11
3493,11
1459,11
6615,11
6311,11
5310,11
3835,11
6994,11
6198,11
7610,11
4724,11
6214,11
2355,11
7900,11
2442,11
5417,11
7340,11
6227,11
464,11
163,11
6928,11
7167,11
7662,11
7929,11
2009,11
3084,11
900,11
7990,11
4837,11
2293,11
4481,11
4605,11
3716,11
6643,11
1764,11
1549,11
3029,11
6045,11
2044,11
767,11
1508,11
7768,11
4517,11
4219,11
6652,11
5242,11
3292,11
819,11
1403,11
1382,11
2148,11
1638,11
7688,11
399,11
882,11
3565,11
7150,11
1179,11
4244,11
5218,11
5465,11
2130,11
5078,11
456,11
6901,11
1950,11
689,11
6325,11
7812,11
1953,11
2710,11
5911,11
5945,11
4349,11
6948,11
1884,11
6029,11
7075,11
2494,11
3036,11
3603,11
845,11
542,11
3724,11
4187,11
3679,11
7705,11
6547,11
5500,11
2964,11
2529,11
1048,11
1960,11
2530,11
6267,11
237,11
4917,11
1133,11
6621,11
4259,11
5918,11
6017,11
6174,11
2978,11
6337,11
6155,11
7609,11
5969,11
3919,11
3138,11
7141,11
4073,11
6878,11
3229,11
1826,11
593,11
2725,11
4137,11
560,11
6272,11
5638,11
243,11
4437,11
5552,11
405,11
1442,11
261,11
5368,11
7298,11
1689,11
1725,11
6529,11
4930,11
2496,11
5382,11
340,11
6517,11
1601,11
4576,11
3725,11
7917,11
2785,11
1523,11
5967,11
7106,11
7410,11
5642,11
6471,11
1766,11
7889,11
4037,11
5476,11
6326,11
6488,11
7480,11
363,11
7909,11
7197,11
4725,11
4443,11
6380,11
7387,11
2562,11
5601,11
7334,11
7424,11
3083,11
7370,11
2102,11
632,11
2493,11
2665,11
5803,11
4406,11
5884,11
7719,11
2334,11
6140,11
3619,11
3883,11
5438,11
4211,11
1494,11
2401,11
3874,11
1232,11
2661,11
2817,11
5470,11
7310,11
7712,11
6356,11
4153,11
5968,11
3061,11
6843,11
7910,11
1735,11
2823,11
6107,11
7764,11
2475,11
2564,11
7970,11
6741,11
6194,11
707,11
3046,11
6831,11
5189,11
6113,11
72,11
4448,11
4839,11
7483,11
5101,11
1190,11
2601,11
1125,11
1241,11
7170,11
6604,11
6008,11
3351,11
5094,11
4008,11
1577,11
3906,11
3729,11
4358,11
1343,11
7977,11
6979,11
440,11
1100,11
2637,11
5652,11
649,11
1546,11
6092,11
6112,11
2852,11
3503,11
5771,11
630,11
4768,11
1249,11
5483,11
482,11
1584,11
4676,11
1462,11
3040,11
5010,11
6162,11
3273,11
3683,11
4145,11
7123,11
4954,11
3225,11
1072,11
4815,11
2631,11
1660,11
2425,11
5079,11
7306,11
6087,11
3097,11
3976,11
7290,11
7590,11
5698,11
6345,11
5291,11
1408,11
1845,11
1798,11
3957,11
1475,11
5804,11
35,11
6157,11
444,11
2359,11
3654,11
6291,11
3179,11
1286,11
5940,11
4445,11
3416,11
2137,11
2636,11
4016,11
7722,11
1681,11
5829,11
5275,11
1692,11
6244,11
6375,11
3635,11
372,11
6154,12
5453,12
4882,12
7576,12
140,12
4884,12
4419,12
7452,12
6580,12
714,12
5243,12
3188,12
7070,12
4431,12
5613,12
406,12
20,12
1004,12
4986,12
2411,12
2545,12
6004,12
2390,12
7853,12
42,12
2830,12
3371,12
3022,12
3364,12
4399,12
5252,12
11,12
4760,12
1177,12
1947,12
2501,12
2863,12
3865,12
1026,12
3848,12
2989,12
961,12
2889,12
3015,12
3338,12
5665,12
735,12
4400,12
1440,12
2875,12
3986,12
916,12
6680,12
6247,12
4089,12
7389,12
6256,12
2772,12
1624,12
6347,12
821,12
1367,12
3712,12
7774,12
7190,12
850,12
1000,12
5957,12
4114,12
1637,12
1667,12
4589,12
3173,12
6431,12
1347,12
6253,12
3230,12
7586,12
6156,12
4783,12
6258,12
3232,12
6549,12
703,12
5105,12
6381,12
3291,12
3673,12
2408,12
7379,12
1327,12
7445,12
5406,12
6564,12
4909,12
4440,12
6689,12
986,12
6358,12
7262,12
6886,12
7800,12
4049,12
3485,12
2474,12
5238,12
3873,12
1198,12
4181,12
1518,12
6641,12
5477,12
1799,12
1014,12
128,12
1364,12
6163,12
4470,12
891,12
2793,12
6722,12
5455,12
4403,12
7614,12
5413,12
6868,12
3249,12
6795,12
1208,12
3868,12
7184,12
4065,12
6850,12
6078,12
1239,12
2289,12
2740,12
275,12
4585,12
1035,12
1229,12
1008,12
6525,12
5178,12
3828,12
2532,12
4293,12
1058,12
7414,12
281,12
1043,12
1316,12
968,12
2381,12
6548,12
1939,12
5755,12
1274,12
619,12
5822,12
1742,12
1390,12
6518,12
1579,12
1655,12
3568,12
2352,12
2212,12
7949,12
3178,12
3192,12
1307,12
575,12
2360,12
1280,12
6512,12
4957,12
6624,12
1993,12
2639,12
269,12
629,12
5938,12
3081,12
3466,12
6992,12
4396,12
4023,12
7578,12
5543,12
5568,12
2046,12
4356,12
6848,12
2113,12
27,12
2040,12
3928,12
7234,12
3216,12
7453,12
3814,12
129,12
5942,12
7957,12
4599,12
13,12
6869,12
4476,12
1525,12
2365,12
4648,12
3052,12
4005,12
2340,12
374,12
5841,12
6882,12
939,12
7653,12
5718,12
4573,12
2147,12
3591,12
6328,12
7266,12
6732,12
3623,12
529,12
3714,12
6257,12
4732,12
1269,12
4281,12
1394,12
4850,12
4009,12
4390,12
1797,12
2979,12
1441,12
5994,12
7786,12
3811,12
5631,12
1273,12
4703,12
1712,12
955,12
5936,12
7964,12
7081,12
7346,12
403,12
2071,12
7597,12
1977,12
158,12
3888,12
5451,12
902,12
352,12
5326,12
4540,12
4130,12
754,12
2971,12
7959,12
2920,12
311,12
4644,12
661,12
1989,12
3665,12
306,12
2335,12
4790,12
2356,12
3702,12
3804,12
1927,12
7021,12
3427,12
749,12
3638,12
5832,12
1266,12
5863,12
6084,12
7078,12
3595,12
2134,12
5066,12
4109,12
4969,12
4904,12
514,12
7157,12
409,12
7606,12
7966,12
7905,12
7048,12
207,12
6513,12
458,12
2054,12
2430,12
250,12
6837,12
5437,12
1107,12
6495,12
1713,12
3911,12
6445,12
715,12
552,12
1439,12
2270,12
3144,12
7633,12
1925,12
634,12
316,12
7926,12
5424,12
427,12
5950,12
105,12
3041,12
4238,12
2169,12
1709,12
89,12
2241,12
3174,12
5983,12
1949,12
4044,12
2848,12
1,12
4337,12
935,12
6856,12
2720,12
5205,12
6348,12
591,12
7708,12
6014,12
2936,12
2448,12
1576,12
6443,12
6685,12
213,12
778,12
7761,12
3496,12
6764,12
2043,12
7258,12
5420,12
1567,12
165,12
4702,12
3566,12
6133,12
7602,12
5439,12
2013,12
273,12
3860,12
4167,12
6388,12
3788,12
5183,12
394,12
583,12
7865,12
7972,12
7415,12
6581,12
7646,12
6477,12
520,12
1763,12
1875,12
5355,12
3965,12
3344,12
2253,12
3224,12
526,12
2946,12
4473,12
3899,12
5655,12
692,12
7558,12
4444,12
3633,12
5805,12
1050,12
590,12
519,12
3380,12
3676,12
5776,12
6597,12
5179,12
1607,12
3610,12
7628,12
7996,12
1809,12
791,12
792,12
7735,12
1855,12
1980,12
3233,12
3598,12
933,12
3963,12
7177,12
5626,12
5506,12
7425,12
4179,12
4026,12
7235,12
4116,12
988,12
6178,12
3453,12
7309,12
3778,12
5658,12
6718,12
3093,12
3155,12
5069,12
5806,12
3201,12
6462,12
1098,12
6651,12
2844,12
886,12
7890,12
6312,12
515,12
7382,12
4833,12
1453,12
3553,12
3609,12
4665,12
2506,12
2994,12
3999,12
7580,12
906,12
28,12
6871,12
2507,12
2428,12
5043,12
5346,12
762,12
3747,12
4811,12
284,12
686,12
7395,12
2353,12
6441,12
6983,12
21,12
2752,12
885,12
917,12
1040,12
6352,12
1265,12
4579,12
6932,12
7440,12
277,12
5084,12
2084,12
1245,12
2382,12
571,12
1435,12
3902,12
5089,12
1247,12
6011,13
4681,13
3526,13
2514,13
5445,13
1007,13
4770,13
4543,13
6416,13
6937,13
2064,13
5352,13
6322,13
1690,13
6912,13
7269,13
5343,13
1985,13
294,13
1547,13
2012,13
588,13
3329,13
2403,13
2129,13
3998,13
7011,13
3741,13
3508,13
2719,13
4521,13
5150,13
7289,13
7297,13
556,13
4795,13
2469,13
3738,13
4286,13
6592,13
5289,13
1716,13
2604,13
6603,13
1704,13
2139,13
3239,13
2383,13
4311,13
1285,13
6818,13
7913,13
7152,13
3930,13
5985,13
6063,13
1591,13
7514,13
7094,13
2162,13
2396,13
317,13
7183,13
3111,13
5233,13
6394,13
7759,13
4036,13
795,13
3020,13
1711,13
3387,13
36,13
4549,13
913,13
5721,13
5295,13
3972,13
5370,13
4133,13
974,13
983,13
6537,13
1418,13
1560,13
4135,13
5582,13
6383,13
4265,13
1355,13
7489,13
7583,13
987,13
2682,13
5047,13
1640,13
1290,13
3681,13
1380,13
1933,13
4675,13
7857,13
3160,13
2030,13
892,13
4876,13
4069,13
4255,13
2,13
2109,13
849,13
2737,13
2466,13
1914,13
1596,13
5872,13
1913,13
5139,13
7532,13
5640,13
2736,13
726,13
53,13
1796,13
3845,13
6007,13
2553,13
2800,13
936,13
6601,13
824,13
4321,13
3401,13
1389,13
3564,13
884,13
5429,13
5703,13
5690,13
4867,13
1868,13
5181,13
10,13
3415,13
5421,13
1463,13
806,13
7715,13
7625,13
4068,13
2108,13
6757,13
7928,13
2234,13
963,13
4494,13
2632,13
6094,13
704,13
431,13
4388,13
6077,13
145,13
2033,13
6719,13
1165,13
3500,13
2050,13
3760,13
2624,13
4484,13
4435,13
6378,13
6208,13
4361,13
2424,13
1262,13
1771,13
3511,13
271,13
4792,13
7963,13
244,13
7751,13
4572,13
2032,13
7374,13
6962,13
813,13
6010,13
3810,13
7809,13
7934,13
6501,13
1804,13
6802,13
4346,13
2461,13
545,13
3241,13
738,13
310,13
3521,13
1131,13
5545,13
7872,13
4111,13
2769,13
920,13
6708,13
3587,13
3959,13
38,13
4459,13
4278,13
2983,13
5290,13
7980,13
5217,13
2667,13
3223,13
1182,13
7263,13
614,13
7850,13
1466,13
4497,13
3042,13
934,13
2419,13
5085,13
7222,13
7648,13
4822,13
826,13
1521,13
2930,13
4232,13
628,13
4430,13
3853,13
390,13
4345,13
7788,13
5913,13
3990,13
400,13
4806,13
5135,13
6470,13
3359,13
46,13
5657,13
7667,13
7877,13
3642,13
3726,13
7324,13
5208,13
5319,13
7755,13
2421,13
5604,13
1750,13
7725,13
6557,13
4062,13
7566,13
338,13
215,13
3663,13
1341,13
7317,13
7736,13
3894,13
3640,13
329,13
6299,13
3004,13
7635,13
3115,13
7961,13
2322,13
4197,13
3549,13
1458,13
171,13
4203,13
6705,13
3569,13
4226,13
5158,13
6531,13
6185,13
6596,13
938,13
60,13
1240,13
5760,13
5136,13
6690,13
2120,13
1524,13
153,13
481,13
6122,13
4460,13
3920,13
1762,13
750,13
1785,13
6657,13
6212,13
4501,13
4853,13
2711,13
6472,13
4193,13
1333,13
7693,13
2854,13
186,13
1136,13
2058,13
7457,13
6707,13
148,13
4124,13
4889,13
7366,13
3363,13
4788,13
2866,13
3776,13
1386,13
5941,13
7908,13
6622,13
5695,13
3629,13
7199,13
4797,13
3028,13
2969,13
6961,13
1708,13
2953,13
454,13
6136,13
7663,13
609,13
4263,13
4826,13
6916,13
2074,13
4052,13
6508,13
1622,13
4683,13
5497,13
5796,13
7014,13
40,13
5475,13
2089,13
3924,13
2175,13
74,13
6406,13
7887,13
2657,13
3180,13
2076,13
441,13
2051,13
2541,13
1301,13
7357,13
3430,13
1304,13
236,13
6673,13
2599,13
4616,13
2573,13
3280,13
3186,13
3953,13
2768,13
4831,13
4223,13
2106,13
2679,13
2761,13
4688,13
5399,13
1387,13
7507,13
7242,13
6437,13
6890,13
7711,13
5000,13
5853,13
1279,13
7143,13
7834,13
6404,13
1555,13
7237,13
3190,13
4566,13
4802,13
7502,13
4841,13
3594,13
6035,13
1920,13
513,13
4177,13
1308,13
5667,13
914,13
3452,13
3695,13
4242,13
3156,13
2198,13
774,13
4425,13
6150,13
6097,13
943,13
822,13
5005,13
4277,13
164,13
5619,13
4547,13
3983,13
2538,13
7623,13
1311,13
5207,13
7276,13
5383,13
6675,13
7420,13
3300,13
3310,13
327,13
5886,13
2490,13
7524,13
6103,13
5954,13
7493,13
4408,13
832,13
3079,13
3462,13
5297,13
7015,13
54,13
6230,13
4064,13
3451,13
6305,13
1901,13
1481,13
4873,13
4895,13
4150,13
3335,13
6016,13
4926,13
946,13
5797,13
3293,13
2161,13
7738,13
5083,13
6779,13
3057,13
5490,13
768,13
7519,13
3495,13
285,13
7901,13
4524,13
7119,13
2332,13
2717,13
2079,13
3389,13
722,13
951,13
6977,13
2262,13
989,14
3212,14
1759,14
6574,14
4422,14
5479,14
1724,14
5182,14
341,14
3701,14
4243,14
688,14
3432,14
5203,14
4944,14
966,14
7550,14
7233,14
2203,14
2713,14
4757,14
5098,14
7052,14
7319,14
7055,14
5280,14
5975,14
3572,14
4805,14
5299,14
1990,14
4120,14
4759,14
6567,14
5298,14
6997,14
4971,14
7577,14
5034,14
3600,14
6490,14
7302,14
7960,14
6598,14
385,14
6987,14
7304,14
536,14
6387,14
7462,14
5032,14
4212,14
6456,14
3507,14
201,14
1332,14
3502,14
2708,14
6030,14
5031,14
6514,14
4662,14
4021,14
1854,14
7154,14
2872,14
3030,14
1205,14
6563,14
1645,14
3417,14
3476,14
6737,14
2861,14
1792,14
5526,14
3797,14
3368,14
3367,14
3533,14
7559,14
5109,14
6024,14
3449,14
603,14
3056,14
6967,14
126,14
7843,14
3876,14
2935,14
5443,14
4451,14
3531,14
2730,14
827,14
1639,14
984,14
3281,14
7948,14
2188,14
7369,14
2443,14
362,14
2349,14
345,14
814,14
6166,14
4807,14
3205,14
6650,14
7661,14
5961,14
3325,14
4106,14
7848,14
2116,14
1834,14
793,14
7911,14
2674,14
94,14
4225,14
3756,14
2891,14
2371,14
7353,14
6629,14
7095,14
3228,14
6158,14
6359,14
5996,14
6838,14
7134,14
6028,14
2853,14
7403,14
2912,14
1865,14
5754,14
4612,14
1857,14
2645,14
2243,14
5373,14
2336,14
950,14
3068,14
1120,14
2597,14
2204,14
419,14
922,14
1254,14
477,14
2035,14
7363,14
5788,14
5742,14
5567,14
1202,14
6534,14
2626,14
5765,14
7694,14
1970,14
3110,14
4018,14
2151,14
3687,14
4916,14
1997,14
4033,14
7838,14
3054,14
1248,14
2192,14
2712,14
992,14
2190,14
4670,14
5142,14
5984,14
6565,14
3762,14
3597,14
4711,14
1318,14
1863,14
2343,14
2449,14
2136,14
1065,14
5868,14
7932,14
4227,14
2621,14
77,14
2898,14
6148,14
4820,14
1314,14
5947,14
7892,14
6990,14
872,14
3850,14
5468,14
5951,14
7645,14
2965,14
3391,14
5415,14
2560,14
7829,14
2635,14
5256,14
3530,14
375,14
1908,14
4429,14
6927,14
7000,14
4027,14
6461,14
1604,14
1118,14
3677,14
3490,14
7771,14
6039,14
2958,14
1994,14
7927,14
7888,14
2376,14
7325,14
1342,14
320,14
1619,14
3713,14
7322,14
2060,14
2219,14
1673,14
6038,14
260,14
7067,14
2039,14
4785,14
901,14
3744,14
6402,14
2026,14
4234,14
1917,14
1828,14
1573,14
4415,14
4749,14
6233,14
7023,14
4654,14
6283,14
4208,14
4627,14
224,14
723,14
7178,14
1141,14
5529,14
6469,14
5764,14
7447,14
5554,14
7585,14
2762,14
846,14
4289,14
5560,14
6717,14
5042,14
6117,14
2551,14
5725,14
2928,14
117,14
645,14
5966,14
3,14
4170,14
5851,14
467,14
5,14
5342,14
919,14
2595,14
4324,14
1063,14
2590,14
242,14
6968,14
1160,14
2870,14
3735,14
7316,14
2397,14
3517,14
3421,14
2563,14
6767,14
5622,14
1605,14
7707,14
2324,14
2709,14
7031,14
1312,14
3448,14
3812,14
6085,14
7438,14
2362,14
1975,14
3514,14
1761,14
5401,14
2739,14
5637,14
7448,14
2472,14
6738,14
4007,14
4718,14
6177,14
1493,14
4206,14
6371,14
2158,14
1169,14
7227,14
232,14
66,14
1603,14
6168,14
3283,14
3596,14
6288,14
4632,14
125,14
6229,14
5350,14
1296,14
1976,14
7228,14
7172,14
2075,14
4580,14
5750,14
7551,14
3086,14
6945,14
3345,14
7147,14
5870,14
6506,14
2797,14
918,14
1646,14
5122,14
5126,14
4978,14
5431,14
6842,14
4621,14
6809,14
364,14
3287,14
2125,14
4123,14
4569,14
525,14
4821,14
55,14
638,14
302,14
2766,14
5811,14
1276,14
7491,14
4720,14
2055,14
5376,14
5145,14
4432,14
3644,14
4143,14
2878,14
4202,14
6493,14
5175,14
2286,14
2261,14
5240,14
7121,14
2296,14
5932,14
1753,14
5197,14
1968,14
6954,14
3117,14
2393,14
523,14
6376,14
6788,14
5524,14
6677,14
3900,14
7454,14
4699,14
5585,14
7063,14
3122,14
6777,14
4156,14
1969,14
671,14
4188,14
666,14
7716,14
1887,14
3266,14
280,14
1719,14
2947,14
4455,14
899,14
6031,14
7744,14
6090,14
7012,14
760,14
6254,14
1906,14
4042,14
3823,14
4138,14
3818,14
6269,14
4300,14
5569,14
6196,14
2593,14
4164,14
3031,14
5971,14
3579,14
2832,14
5449,14
3472,14
6327,14
137,14
4892,14
2180,14
2128,14
3177,14
4854,14
4637,14
5115,14
6978,14
4261,14
4344,14
1331,14
2017,14
4542,14
2482,14
1358,14
6941,14
6241,14
1329,14
7973,14
6881,14
7875,14
2150,14
4530,14
2122,14
4673,14
3981,14
1252,14
3278,14
3374,14
2814,14
4719,14
6544,14
1848,14
4858,14
3037,14
388,14
235,15
1077,15
1984,15
4363,15
3962,15
770,15
2165,15
4533,15
673,15
249,15
6297,15
1574,15
6238,15
3419,15
2081,15
1823,15
7632,15
7644,15
4544,15
5565,15
716,15
7138,15
7465,15
2048,15
5997,15
6600,15
5264,15
4178,15
4809,15
2724,15
7232,15
1460,15
6914,15
5989,15
1668,15
2756,15
2000,15
4571,15
4613,15
7433,15
404,15
384,15
7185,15
2152,15
1633,15
7329,15
5580,15
4784,15
7200,15
6970,15
3925,15
5336,15
4158,15
4948,15
5898,15
7384,15
5358,15
223,15
2193,15
3136,15
4469,15
1824,15
7348,15
5124,15
4972,15
797,15
2871,15
9,15
6593,15
1944,15
1838,15
4804,15
255,15
7026,15
5713,15
4485,15
7209,15
1581,15
2956,15
924,15
7690,15
7092,15
2508,15
6132,15
5024,15
5320,15
6645,15
6042,15
3775,15
4835,15
4136,15
4964,15
2779,15
539,15
2745,15
7236,15
7308,15
6819,15
5467,15
1145,15
5127,15
4468,15
667,15
3019,15
357,15
5063,15
2831,15
2783,15
1353,15
5131,15
470,15
2703,15
3330,15
3637,15
1396,15
3584,15
7179,15
5262,15
5645,15
3376,15
1256,15
6190,15
3512,15
5651,15
5778,15
1250,15
5795,15
5348,15
7679,15
4298,15
3284,15
2933,15
4175,15
5268,15
4910,15
1852,15
6316,15
6815,15
7482,15
7777,15
2105,15
133,15
5236,15
5029,15
928,15
823,15
7271,15
1531,15
1214,15
504,15
4285,15
6491,15
1996,15
6530,15
3072,15
1958,15
1384,15
894,15
4924,15
455,15
6619,15
5779,15
7806,15
3709,15
7380,15
4849,15
4748,15
4268,15
3522,15
4134,15
3602,15
7813,15
713,15
4186,15
2214,15
5301,15
2923,15
7250,15
1810,15
3486,15
3141,15
1827,15
1155,15
1324,15
4312,15
510,15
1680,15
499,15
7257,15
1856,15
1388,15
5615,15
3719,15
2386,15
5541,15
3236,15
6172,15
1540,15
1217,15
2681,15
7817,15
2993,15
5512,15
6313,15
1191,15
5772,15
5293,15
1542,15
3301,15
3324,15
7056,15
2539,15
953,15
7176,15
6731,15
4846,15
6801,15
4330,15
732,15
7988,15
1156,15
7407,15
3294,15
6541,15
2982,15
5305,15
5161,15
2156,15
1062,15
2616,15
1167,15
3222,15
3636,15
5588,15
2938,15
7091,15
7192,15
4491,15
3140,15
4980,15
143,15
7921,15
3577,15
4946,15
2782,15
717,15
1819,15
2502,15
4360,15
4171,15
6588,15
395,15
5731,15
6320,15
7186,15
7724,15
4492,15
1365,15
7292,15
5999,15
595,15
6205,15
3952,15
5392,15
5917,15
4968,15
2914,15
7876,15
2326,15
5644,15
3766,15
3440,15
3851,15
4132,15
6806,15
7335,15
2143,15
7377,15
5073,15
1571,15
4079,15
1122,15
2786,15
6335,15
2967,15
2504,15
5988,15
3465,15
675,15
2808,15
7164,15
3348,15
728,15
412,15
3146,15
1516,15
5745,15
825,15
3267,15
3974,15
616,15
114,15
417,15
3069,15
1625,15
7113,15
6748,15
7916,15
4185,15
2896,15
7468,15
2082,15
753,15
2546,15
3969,15
3373,15
5726,15
4107,15
2444,15
4380,15
1066,15
3913,15
5287,15
5536,15
5387,15
5732,15
3498,15
2738,15
5052,15
4000,15
1568,15
2427,15
3746,15
6833,15
7411,15
1687,15
851,15
3546,15
6303,15
895,15
4592,15
6401,15
5878,15
335,15
2839,15
3087,15
4611,15
1348,15
1015,15
2816,15
1631,15
2489,15
3730,15
6905,15
3251,15
7405,15
7267,15
5877,15
6665,15
5881,15
2070,15
4452,15
7801,15
5408,15
1635,15
4646,15
6484,15
2479,15
6617,15
2265,15
2959,15
5323,15
7556,15
3059,15
5053,15
5869,15
2141,15
5104,15
3118,15
5188,15
7547,15
4045,15
3356,15
2744,15
7253,15
5092,15
3506,15
1679,15
4249,15
3147,15
2294,15
7004,15
6933,15
580,15
1470,15
4799,15
4070,15
5308,15
3343,15
4992,15
4583,15
3672,15
559,15
5237,15
5215,15
2849,15
512,15
4729,15
1081,15
1664,15
1012,15
1931,15
1150,15
2838,15
5949,15
116,15
740,15
7675,15
6070,15
5177,15
3675,15
5906,15
830,15
119,15
4752,15
7630,15
7572,15
7903,15
635,15
4465,15
4364,15
6799,15
7079,15
6966,15
7010,15
4142,15
7027,15
991,15
876,15
4869,15
5315,15
5222,15
4,15
3051,15
5691,15
3124,15
6407,15
7136,15
2660,15
2491,15
7146,15
5173,15
3854,15
4933,15
4777,15
1715,15
6448,15
6713,15
6457,15
6293,15
1148,15
3261,15
574,15
3769,15
3736,15
4146,15
853,15
1982,15
2774,15
5919,15
4929,15
5211,15
1166,15
6614,15
6002,15
971,15
2701,15
4495,15
6655,15
3847,15
2368,15
4115,15
4780,15
4131,15
2950,15
5625,15
6971,15
524,15
2455,15
5016,15
1841,15
5986,15
537,15
2806,15
5801,15
5596,15
7206,15
7343,15
4341,15
3175,15
784,16
4057,16
1409,16
2537,16
154,16
3009,16
1686,16
2901,16
7915,16
7455,16
4721,16
3863,16
2733,16
1895,16
5442,16
569,16
6709,16
5854,16
1816,16
2065,16
127,16
3394,16
3327,16
7968,16
6102,16
2975,16
980,16
2300,16
190,16
1139,16
5088,16
699,16
7631,16
606,16
4276,16
301,16
6640,16
3420,16
7696,16
1060,16
7758,16
7833,16
2565,16
7984,16
1069,16
2524,16
2205,16
1243,16
7339,16
16,16
3120,16
7971,16
4642,16
4754,16
815,16
3067,16
7638,16
5600,16
959,16
7022,16
6427,16
4893,16
7444,16
225,16
6170,16
3354,16
5895,16
2485,16
562,16
3436,16
6373,16
6181,16
1693,16
6893,16
1045,16
3446,16
4565,16
954,16
7967,16
2735,16
7840,16
4735,16
7699,16
1218,16
5254,16
5511,16
7604,16
1527,16
3987,16
7891,16
1300,16
7819,16
6944,16
5699,16
160,16
4067,16
5800,16
956,16
3791,16
3234,16
2869,16
3777,16
4433,16
4973,16
6015,16
2961,16
5980,16
2200,16
98,16
7769,16
2557,16
3183,16
7394,16
253,16
3923,16
4199,16
1445,16
5539,16
1648,16
4682,16
4723,16
3991,16
1696,16
3191,16
6197,16
6295,16
4499,16
1154,16
2255,16
6959,16
1682,16
3170,16
7400,16
2056,16
7158,16
4090,16
7791,16
3108,16
4548,16
3723,16
6397,16
5423,16
7040,16
2049,16
4976,16
3643,16
7885,16
623,16
6489,16
7689,16
5883,16
262,16
5730,16
3369,16
4061,16
5534,16
6294,16
6065,16
6616,16
1802,16
4736,16
7982,16
2385,16
6694,16
5759,16
1959,16
2976,16
488,16
1843,16
1734,16
2911,16
3219,16
146,16
5630,16
1986,16
1369,16
6546,16
6051,16
7098,16
2811,16
659,16
1794,16
7516,16
2511,16
3397,16
4282,16
1147,16
3272,16
608,16
6287,16
6895,16
3582,16
1930,16
7125,16
197,16
2931,16
2327,16
4389,16
766,16
4496,16
4218,16
3255,16
202,16
3510,16
4931,16
6390,16
5535,16
1733,16
5791,16
2777,16
1707,16
5172,16
5249,16
5757,16
3474,16
6528,16
7749,16
5855,16
854,16
5685,16
6363,16
4737,16
4097,16
2160,16
698,16
7912,16
2999,16
3696,16
1636,16
7280,16
7554,16
3457,16
3581,16
1291,16
4659,16
6585,16
5616,16
1853,16
5232,16
3763,16
3304,16
7861,16
5727,16
3743,16
3445,16
1998,16
663,16
4779,16
5353,16
7766,16
3748,16
4413,16
4744,16
5530,16
5575,16
709,16
7526,16
1282,16
5864,16
5068,16
2675,16
6776,16
4029,16
1306,16
5496,16
5504,16
7392,16
2237,16
3302,16
5592,16
7515,16
2038,16
1529,16
1663,16
5450,16
7894,16
7923,16
3627,16
5739,16
5147,16
4891,16
2693,16
3060,16
1597,16
6700,16
2729,16
2625,16
5915,16
3157,16
3314,16
1722,16
5279,16
6668,16
1059,16
4636,16
3242,16
1678,16
6892,16
6374,16
7574,16
6628,16
1757,16
6019,16
4191,16
5116,16
563,16
7408,16
2790,16
863,16
7742,16
1484,16
7035,16
7721,16
5977,16
5134,16
206,16
4488,16
6938,16
870,16
4493,16
6910,16
502,16
7385,16
1028,16
3840,16
2690,16
5581,16
6756,16
5056,16
1570,16
2773,16
5991,16
2731,16
6242,16
804,16
5847,16
3645,16
2454,16
4598,16
7215,16
3104,16
7073,16
4875,16
5959,16
200,16
6278,16
3099,16
6184,16
7161,16
2278,16
3561,16
5892,16
4474,16
6432,16
4514,16
5794,16
391,16
6736,16
5618,16
5258,16
7230,16
1495,16
2695,16
2027,16
5248,16
5463,16
2568,16
64,16
3884,16
2062,16
5276,16
7208,16
492,16
379,16
6331,16
4859,16
6360,16
3993,16
4887,16
1076,16
878,16
337,16
6863,16
6439,16
7869,16
1016,16
1275,16
3798,16
7629,16
4551,16
3342,16
4911,16
6413,16
995,16
1981,16
4297,16
161,16
5675,16
6873,16
6545,16
4798,16
1500,16
3843,16
5225,16
2613,16
3461,16
1021,16
3073,16
7555,16
3943,16
1585,16
1955,16
3152,16
6349,16
34,16
4014,16
775,16
2556,16
7595,16
1478,16
7099,16
5486,16
6235,16
1363,16
7041,16
2612,16
7513,16
2824,16
2041,16
241,16
2061,16
2363,16
600,16
2435,16
5393,16
6310,16
2888,16
6164,16
646,16
3890,16
3556,16
3202,16
1528,16
6975,16
1267,16
7734,16
1899,16
4658,16
3005,16
2734,16
7101,16
189,16
1806,16
975,16
2747,16
7643,16
2047,16
7849,16
2558,16
1082,16
474,16
7728,16
2904,16
4843,16
6396,16
4117,16
3385,16
4555,16
1184,16
6420,16
5051,16
5311,16
2433,16
6949,16
7581,16
5611,16
2391,16
769,16
7476,16
1685,16
130,16
7831,16
2919,16
3171,16
3444,16
6231,16
5578,16
4426,16
5334,16
466,16
6265,16
5734,16
3092,16
3772,16
5191,16
5226,16
5390,16
860,16
7603,16
7270,16
